TimePeriod,GeoType,GeoID,GeoRank,Geography,"Age-adjusted rate per 10,000","Estimated annual rate per 10,000",Number
2023,CD,101,6,Financial District (CD1),15.5,13.5,70
2023,CD,102,6,Greenwich Village and Soho (CD2),7,7.1,56
2023,CD,103,6,Lower East Side and Chinatown (CD3),50.2,49.5,730
2023,CD,104,6,Clinton and Chelsea (CD4),30.2,28.1,364
2023,CD,105,6,Midtown (CD5),20.4,19.7,109
2023,CD,106,6,Stuyvesant Town and Turtle Bay (CD6),18.5,17.7,226
2023,CD,107,6,Upper West Side (CD7),29.9,26.7,470
2023,CD,108,6,Upper East Side (CD8),13.8,13.2,246
2023,CD,109,6,Morningside Heights and Hamilton Heights (CD9),68.5,66.3,581
2023,CD,110,6,Central Harlem (CD10),212.1,212.1,1901
2023,CD,111,6,East Harlem (CD11),187.8,184.7,1735
2023,CD,112,6,Washington Heights and Inwood (CD12),52.1,51.4,766
2023,CD,201,6,Mott Haven and Melrose (CD1),250.1,247.7,1663
2023,CD,202,6,Hunts Point and Longwood (CD2),154.2,153.4,588
2023,CD,203,6,Morrisania and Crotona (CD3),206.9,206.1,1262
2023,CD,204,6,Highbridge and Concourse (CD4),144.9,144.9,1573
2023,CD,205,6,Fordham and University Heights (CD5),146.6,148.4,1369
2023,CD,206,6,Belmont and East Tremont (CD6),207.2,204.5,1198
2023,CD,207,6,Kingsbridge Heights and Bedford (CD7),113.1,113.3,1176
2023,CD,208,6,Riverdale and Fieldston (CD8),50.1,48,373
2023,CD,209,6,Parkchester and Soundview (CD9),108.3,107.2,1445
2023,CD,210,6,Throgs Neck and Co-op City (CD10),73.5,69.2,648
2023,CD,211,6,Morris Park and Bronxdale (CD11),106.7,104.2,890
2023,CD,212,6,Williamsbridge and Baychester (CD12),148.6,142.9,1645
2023,CD,301,6,Greenpoint and Williamsburg (CD1),48.2,43.8,658
2023,CD,302,6,Fort Greene and Brooklyn Heights (CD2),55.1,53.2,605
2023,CD,303,6,Bedford Stuyvesant (CD3),125.2,123.8,1378
2023,CD,304,6,Bushwick (CD4),80.8,81.5,672
2023,CD,305,6,East New York and Starrett City (CD5),140.6,137,1747
2023,CD,306,6,Park Slope and Carroll Gardens (CD6),38.1,31.4,281
2023,CD,307,6,Sunset Park (CD7),32.7,31.3,320
2023,CD,308,6,Crown Heights and Prospect Heights (CD8),93.4,89.3,675
2023,CD,309,6,South Crown Heights and Lefferts Gardens (CD9),88.4,85.8,648
2023,CD,310,6,Bay Ridge and Dyker Heights (CD10),17.6,16.3,186
2023,CD,311,6,Bensonhurst (CD11),14.7,13.6,225
2023,CD,312,6,Borough Park (CD12),19.6,19.4,253
2023,CD,313,6,Coney Island (CD13),57.5,49.2,436
2023,CD,314,6,Flatbush and Midwood (CD14),50.4,49.5,608
2023,CD,315,6,Sheepshead Bay (CD15),18.4,17.4,240
2023,CD,316,6,Brownsville (CD16),231.3,224.4,1313
2023,CD,317,6,East Flatbush (CD17),122.5,113.5,1349
2023,CD,318,6,Flatlands and Canarsie (CD18),66.4,62.6,902
2023,CD,401,6,Long Island City and Astoria (CD1),40.9,40.3,633
2023,CD,402,6,Woodside and Sunnyside (CD2),18.8,18.3,226
2023,CD,403,6,Jackson Heights (CD3),30.3,29.2,399
2023,CD,404,6,Elmhurst and Corona (CD4),26.3,26.1,378
2023,CD,405,6,Ridgewood and Maspeth (CD5),35.7,34.7,419
2023,CD,406,6,Rego Park and Forest Hills (CD6),17.6,16.9,158
2023,CD,407,6,Flushing and Whitestone (CD7),18,15.8,346
2023,CD,408,6,Hillcrest and Fresh Meadows (CD8),28.4,27.3,332
2023,CD,409,6,Kew Gardens and Woodhaven (CD9),43.6,43.5,477
2023,CD,410,6,South Ozone Park and Howard Beach (CD10),41.5,39.7,378
2023,CD,411,6,Bayside and Little Neck (CD11),17.1,16.5,156
2023,CD,412,6,Jamaica and Hollis (CD12),69.6,67,1194
2023,CD,413,6,Queens Village (CD13),43.3,40.7,622
2023,CD,414,6,Rockaway and Broad Channel (CD14),111.2,102.9,838
2023,CD,501,6,St. George and Stapleton (CD1),70.6,68.8,1014
2023,CD,502,6,South Beach and Willowbrook (CD2),31.2,29,333
2023,CD,503,6,Tottenville and Great Kills (CD3),20,18.1,224
2023,UHF42,101,4,Kingsbridge - Riverdale,47.6,44.8,320
2023,UHF42,102,4,Northeast Bronx,112.8,104.6,1625
2023,UHF42,103,4,Fordham - Bronx Pk,132.3,132.4,2443
2023,UHF42,104,4,Pelham - Throgs Neck,100,98.3,2176
2023,UHF42,105,4,Crotona - Tremont,171,171.9,2588
2023,UHF42,106,4,High Bridge - Morrisania,179,178,2717
2023,UHF42,107,4,Hunts Point - Mott Haven,193.5,192.3,1961
2023,UHF42,201,4,Greenpoint,38.5,34.3,385
2023,UHF42,202,4,Downtown - Heights - Slope,45.8,42.8,918
2023,UHF42,203,4,Bedford Stuyvesant - Crown Heights,116.5,114.4,3089
2023,UHF42,204,4,East New York,123.3,121.3,1791
2023,UHF42,205,4,Sunset Park,36.2,35.6,325
2023,UHF42,206,4,Borough Park,20.7,20,462
2023,UHF42,207,4,East Flatbush - Flatbush,89.4,86.3,1992
2023,UHF42,208,4,Canarsie - Flatlands,71.5,66,1041
2023,UHF42,209,4,Bensonhurst - Bay Ridge,17.9,16.8,270
2023,UHF42,210,4,Coney Island - Sheepshead Bay,34.5,30.9,699
2023,UHF42,211,4,Williamsburg - Bushwick,92.1,91,1525
2023,UHF42,301,4,Washington Heights,52.6,52,1082
2023,UHF42,302,4,Central Harlem - Morningside Heights,157.9,157.7,2333
2023,UHF42,303,4,East Harlem,176.2,173.2,1539
2023,UHF42,304,4,Upper West Side,27,25.2,489
2023,UHF42,305,4,Upper East Side,14.5,13.8,246
2023,UHF42,306,4,Chelsea - Clinton,33,31.3,451
2023,UHF42,307,4,Gramercy Park - Murray Hill,19.5,18.4,226
2023,UHF42,308,4,Greenwich Village - SoHo,7.7,8,56
2023,UHF42,309,4,Union Square - Lower East Side,44.6,43.7,718
2023,UHF42,310,4,Lower Manhattan,22.5,20.2,110
2023,UHF42,401,4,Long Island City - Astoria,39.1,38,641
2023,UHF42,402,4,West Queens,30.4,29.7,1067
2023,UHF42,403,4,Flushing - Clearview,19.2,17,354
2023,UHF42,404,4,Bayside - Little Neck,19.2,18.5,134
2023,UHF42,405,4,Ridgewood - Forest Hills,25.9,24.6,505
2023,UHF42,406,4,Fresh Meadows,23.9,22.8,179
2023,UHF42,407,4,Southwest Queens,40.3,39.5,843
2023,UHF42,408,4,Jamaica,55.8,53.7,1358
2023,UHF42,409,4,Southeast Queens,39,37.1,638
2023,UHF42,410,4,Rockaways,92.3,85.1,838
2023,UHF42,501,4,Port Richmond,84.5,82.3,442
2023,UHF42,502,4,Stapleton - St. George,66.9,64.7,659
2023,UHF42,503,4,Willowbrook,26.1,23.8,181
2023,UHF42,504,4,South Beach - Tottenville,20.1,18.7,289
2023,Borough,1,1,Bronx,138.1,136.4,14101
2023,Borough,2,1,Brooklyn,64.8,63,12663
2023,Borough,3,1,Manhattan,55.7,54.3,7513
2023,Borough,4,1,Queens,40.3,38.6,7043
2023,Borough,5,1,Staten Island,43.6,41.1,1587
2023,Citywide,1,0,New York City,66.4,64.6,42907
2022,CD,101,6,Financial District (CD1),14.4,11.5,59
2022,CD,102,6,Greenwich Village and Soho (CD2),6.3,6.4,50
2022,CD,103,6,Lower East Side and Chinatown (CD3),45.3,44.6,650
2022,CD,104,6,Clinton and Chelsea (CD4),31.7,29.9,385
2022,CD,105,6,Midtown (CD5),18.8,18.1,99
2022,CD,106,6,Stuyvesant Town and Turtle Bay (CD6),17,15.8,200
2022,CD,107,6,Upper West Side (CD7),27,23.5,411
2022,CD,108,6,Upper East Side (CD8),14.9,13.7,255
2022,CD,109,6,Morningside Heights and Hamilton Heights (CD9),69.2,67.1,585
2022,CD,110,6,Central Harlem (CD10),189.6,191,1719
2022,CD,111,6,East Harlem (CD11),175.3,172.6,1619
2022,CD,112,6,Washington Heights and Inwood (CD12),46.2,45.3,674
2022,CD,201,6,Mott Haven and Melrose (CD1),253.8,253.1,1723
2022,CD,202,6,Hunts Point and Longwood (CD2),153.4,153.3,596
2022,CD,203,6,Morrisania and Crotona (CD3),192.9,192.7,1199
2022,CD,204,6,Highbridge and Concourse (CD4),124.4,124.2,1369
2022,CD,205,6,Fordham and University Heights (CD5),137,139,1304
2022,CD,206,6,Belmont and East Tremont (CD6),189.3,187.5,1115
2022,CD,207,6,Kingsbridge Heights and Bedford (CD7),92.6,93,981
2022,CD,208,6,Riverdale and Fieldston (CD8),46,44,347
2022,CD,209,6,Parkchester and Soundview (CD9),90.5,89.5,1222
2022,CD,210,6,Throgs Neck and Co-op City (CD10),56.8,53.2,506
2022,CD,211,6,Morris Park and Bronxdale (CD11),88,85.6,743
2022,CD,212,6,Williamsbridge and Baychester (CD12),130.6,126.6,1479
2022,CD,301,6,Greenpoint and Williamsburg (CD1),47.7,42.7,641
2022,CD,302,6,Fort Greene and Brooklyn Heights (CD2),48.7,45.4,518
2022,CD,303,6,Bedford Stuyvesant (CD3),111.7,110.1,1240
2022,CD,304,6,Bushwick (CD4),80.4,80.7,671
2022,CD,305,6,East New York and Starrett City (CD5),115.3,113.3,1462
2022,CD,306,6,Park Slope and Carroll Gardens (CD6),34.8,31.3,281
2022,CD,307,6,Sunset Park (CD7),29.6,28.3,290
2022,CD,308,6,Crown Heights and Prospect Heights (CD8),82.1,79.6,608
2022,CD,309,6,South Crown Heights and Lefferts Gardens (CD9),74,71.1,542
2022,CD,310,6,Bay Ridge and Dyker Heights (CD10),14,13.1,150
2022,CD,311,6,Bensonhurst (CD11),11.6,11.2,185
2022,CD,312,6,Borough Park (CD12),16.1,16,209
2022,CD,313,6,Coney Island (CD13),59.7,52.1,463
2022,CD,314,6,Flatbush and Midwood (CD14),44.4,43.7,540
2022,CD,315,6,Sheepshead Bay (CD15),13.9,13.3,184
2022,CD,316,6,Brownsville (CD16),196.4,190.1,1129
2022,CD,317,6,East Flatbush (CD17),99.4,92.4,1114
2022,CD,318,6,Flatlands and Canarsie (CD18),55.5,52.9,771
2022,CD,401,6,Long Island City and Astoria (CD1),36.5,35.9,569
2022,CD,402,6,Woodside and Sunnyside (CD2),12.5,11.9,148
2022,CD,403,6,Jackson Heights (CD3),20.1,19.4,267
2022,CD,404,6,Elmhurst and Corona (CD4),22.2,21.7,315
2022,CD,405,6,Ridgewood and Maspeth (CD5),26.2,25.1,307
2022,CD,406,6,Rego Park and Forest Hills (CD6),11.9,11.4,107
2022,CD,407,6,Flushing and Whitestone (CD7),12.4,10.7,235
2022,CD,408,6,Hillcrest and Fresh Meadows (CD8),26.2,25.1,307
2022,CD,409,6,Kew Gardens and Woodhaven (CD9),36,35.7,395
2022,CD,410,6,South Ozone Park and Howard Beach (CD10),34.1,33.1,318
2022,CD,411,6,Bayside and Little Neck (CD11),9.1,9,86
2022,CD,412,6,Jamaica and Hollis (CD12),62.4,60.1,1081
2022,CD,413,6,Queens Village (CD13),36.5,33.8,521
2022,CD,414,6,Rockaway and Broad Channel (CD14),99.9,92.3,760
2022,CD,501,6,St. George and Stapleton (CD1),65.7,64,940
2022,CD,502,6,South Beach and Willowbrook (CD2),24.8,23.7,271
2022,CD,503,6,Tottenville and Great Kills (CD3),15.7,14.6,181
2022,UHF42,101,4,Kingsbridge - Riverdale,43.9,41.6,302
2022,UHF42,102,4,Northeast Bronx,99.8,94.4,1485
2022,UHF42,103,4,Fordham - Bronx Pk,107.2,107.6,2019
2022,UHF42,104,4,Pelham - Throgs Neck,82.3,80.6,1810
2022,UHF42,105,4,Crotona - Tremont,160.2,160.8,2461
2022,UHF42,106,4,High Bridge - Morrisania,168.4,168,2604
2022,UHF42,107,4,Hunts Point - Mott Haven,184.4,183.9,1903
2022,UHF42,201,4,Greenpoint,35,31.2,351
2022,UHF42,202,4,Downtown - Heights - Slope,40.9,38.4,826
2022,UHF42,203,4,Bedford Stuyvesant - Crown Heights,98.9,97.5,2657
2022,UHF42,204,4,East New York,101.7,100.8,1506
2022,UHF42,205,4,Sunset Park,34.2,33.6,308
2022,UHF42,206,4,Borough Park,17.5,17.2,397
2022,UHF42,207,4,East Flatbush - Flatbush,75.3,72.5,1690
2022,UHF42,208,4,Canarsie - Flatlands,59.8,55.5,887
2022,UHF42,209,4,Bensonhurst - Bay Ridge,14.4,13.6,218
2022,UHF42,210,4,Coney Island - Sheepshead Bay,32,29,658
2022,UHF42,211,4,Williamsburg - Bushwick,91.3,89,1500
2022,UHF42,301,4,Washington Heights,49.1,48.5,1006
2022,UHF42,302,4,Central Harlem - Morningside Heights,143.9,143.9,2128
2022,UHF42,303,4,East Harlem,165.8,163.1,1446
2022,UHF42,304,4,Upper West Side,24.3,22,425
2022,UHF42,305,4,Upper East Side,15.5,14.3,254
2022,UHF42,306,4,Chelsea - Clinton,33.6,32.2,461
2022,UHF42,307,4,Gramercy Park - Murray Hill,16.3,15.3,185
2022,UHF42,308,4,Greenwich Village - SoHo,8.9,8.7,61
2022,UHF42,309,4,Union Square - Lower East Side,38.9,38.4,624
2022,UHF42,310,4,Lower Manhattan,24,21.4,115
2022,UHF42,401,4,Long Island City - Astoria,32.6,31.5,537
2022,UHF42,402,4,West Queens,22.8,22.2,801
2022,UHF42,403,4,Flushing - Clearview,12.7,11.2,233
2022,UHF42,404,4,Bayside - Little Neck,10.2,9.9,72
2022,UHF42,405,4,Ridgewood - Forest Hills,19.5,18.1,375
2022,UHF42,406,4,Fresh Meadows,18.8,17.6,139
2022,UHF42,407,4,Southwest Queens,33.7,33,711
2022,UHF42,408,4,Jamaica,51.6,49.5,1263
2022,UHF42,409,4,Southeast Queens,32.2,30.3,525
2022,UHF42,410,4,Rockaways,83,76.3,760
2022,UHF42,501,4,Port Richmond,79.5,78.8,423
2022,UHF42,502,4,Stapleton - St. George,61,58.7,595
2022,UHF42,503,4,Willowbrook,21,19.3,146
2022,UHF42,504,4,South Beach - Tottenville,15.5,14.7,228
2022,Borough,1,1,Bronx,122.9,121.9,12789
2022,Borough,2,1,Brooklyn,56.8,55.2,11161
2022,Borough,3,1,Manhattan,52,50.6,6950
2022,Borough,4,1,Queens,33.2,31.6,5809
2022,Borough,5,1,Staten Island,38.7,36.5,1409
2022,Citywide,1,0,New York City,58.7,57.2,38118
2021,CD,101,6,Financial District (CD1),21.6,18.9,93
2021,CD,102,6,Greenwich Village and Soho (CD2),7.1,6.9,52
2021,CD,103,6,Lower East Side and Chinatown (CD3),46.8,45.3,647
2021,CD,104,6,Clinton and Chelsea (CD4),32.5,30.7,385
2021,CD,105,6,Midtown (CD5),26,25,131
2021,CD,106,6,Stuyvesant Town and Turtle Bay (CD6),16.1,14.7,178
2021,CD,107,6,Upper West Side (CD7),22.6,19.8,338
2021,CD,108,6,Upper East Side (CD8),13.1,11.6,207
2021,CD,109,6,Morningside Heights and Hamilton Heights (CD9),67,65.2,570
2021,CD,110,6,Central Harlem (CD10),177.1,178.3,1596
2021,CD,111,6,East Harlem (CD11),156.5,154.7,1475
2021,CD,112,6,Washington Heights and Inwood (CD12),41.9,41.5,640
2021,CD,201,6,Mott Haven and Melrose (CD1),181.6,181.8,1282
2021,CD,202,6,Hunts Point and Longwood (CD2),112.7,112.4,454
2021,CD,203,6,Morrisania and Crotona (CD3),155.8,156.1,998
2021,CD,204,6,Highbridge and Concourse (CD4),104.6,104.9,1189
2021,CD,205,6,Fordham and University Heights (CD5),121.7,122.6,1190
2021,CD,206,6,Belmont and East Tremont (CD6),166.6,164.7,1011
2021,CD,207,6,Kingsbridge Heights and Bedford (CD7),62.6,63.3,689
2021,CD,208,6,Riverdale and Fieldston (CD8),36.1,34.6,278
2021,CD,209,6,Parkchester and Soundview (CD9),79.3,79,1103
2021,CD,210,6,Throgs Neck and Co-op City (CD10),47.9,45.6,437
2021,CD,211,6,Morris Park and Bronxdale (CD11),69.2,67.4,594
2021,CD,212,6,Williamsbridge and Baychester (CD12),106.6,104.3,1220
2021,CD,301,6,Greenpoint and Williamsburg (CD1),32.9,29.7,451
2021,CD,302,6,Fort Greene and Brooklyn Heights (CD2),40.5,36.9,426
2021,CD,303,6,Bedford Stuyvesant (CD3),100.3,99.1,1143
2021,CD,304,6,Bushwick (CD4),73,72.8,617
2021,CD,305,6,East New York and Starrett City (CD5),75.8,74.9,987
2021,CD,306,6,Park Slope and Carroll Gardens (CD6),30.7,25.2,228
2021,CD,307,6,Sunset Park (CD7),29.8,29.1,302
2021,CD,308,6,Crown Heights and Prospect Heights (CD8),71.9,69.8,544
2021,CD,309,6,South Crown Heights and Lefferts Gardens (CD9),61.6,58.7,457
2021,CD,310,6,Bay Ridge and Dyker Heights (CD10),10.9,9.7,112
2021,CD,311,6,Bensonhurst (CD11),7.5,7.1,118
2021,CD,312,6,Borough Park (CD12),8.4,8.3,110
2021,CD,313,6,Coney Island (CD13),43.5,37.7,338
2021,CD,314,6,Flatbush and Midwood (CD14),39.2,38.7,486
2021,CD,315,6,Sheepshead Bay (CD15),13.2,12.5,174
2021,CD,316,6,Brownsville (CD16),128.6,126,768
2021,CD,317,6,East Flatbush (CD17),74.5,70.2,867
2021,CD,318,6,Flatlands and Canarsie (CD18),44.5,43,639
2021,CD,401,6,Long Island City and Astoria (CD1),31.8,31.4,510
2021,CD,402,6,Woodside and Sunnyside (CD2),12.3,11.8,150
2021,CD,403,6,Jackson Heights (CD3),23.3,23,323
2021,CD,404,6,Elmhurst and Corona (CD4),22,21.7,322
2021,CD,405,6,Ridgewood and Maspeth (CD5),22.7,21.6,270
2021,CD,406,6,Rego Park and Forest Hills (CD6),12.3,10.8,103
2021,CD,407,6,Flushing and Whitestone (CD7),11.3,9.9,219
2021,CD,408,6,Hillcrest and Fresh Meadows (CD8),19.6,19.2,239
2021,CD,409,6,Kew Gardens and Woodhaven (CD9),39.8,39.6,447
2021,CD,410,6,South Ozone Park and Howard Beach (CD10),26.1,25.9,253
2021,CD,411,6,Bayside and Little Neck (CD11),5.9,5.6,54
2021,CD,412,6,Jamaica and Hollis (CD12),63.5,60.7,1118
2021,CD,413,6,Queens Village (CD13),34.7,31.6,497
2021,CD,414,6,Rockaway and Broad Channel (CD14),89.2,83.1,699
2021,CD,501,6,St. George and Stapleton (CD1),57.4,56,822
2021,CD,502,6,South Beach and Willowbrook (CD2),24,21.7,249
2021,CD,503,6,Tottenville and Great Kills (CD3),12.1,11.4,144
2021,UHF42,101,4,Kingsbridge - Riverdale,35.2,33.5,249
2021,UHF42,102,4,Northeast Bronx,82.9,78.2,1266
2021,UHF42,103,4,Fordham - Bronx Pk,74.9,75.7,1489
2021,UHF42,104,4,Pelham - Throgs Neck,70.3,69.6,1593
2021,UHF42,105,4,Crotona - Tremont,140.3,140.9,2190
2021,UHF42,106,4,High Bridge - Morrisania,136.5,136.7,2159
2021,UHF42,107,4,Hunts Point - Mott Haven,145.9,145.9,1499
2021,UHF42,201,4,Greenpoint,22.6,20.1,221
2021,UHF42,202,4,Downtown - Heights - Slope,35.5,32,688
2021,UHF42,203,4,Bedford Stuyvesant - Crown Heights,77,76,2081
2021,UHF42,204,4,East New York,70.6,70.4,1065
2021,UHF42,205,4,Sunset Park,32.3,32.1,300
2021,UHF42,206,4,Borough Park,10.7,10.4,245
2021,UHF42,207,4,East Flatbush - Flatbush,65.4,63.1,1497
2021,UHF42,208,4,Canarsie - Flatlands,42,39.8,657
2021,UHF42,209,4,Bensonhurst - Bay Ridge,9.3,8.6,143
2021,UHF42,210,4,Coney Island - Sheepshead Bay,25.4,23,535
2021,UHF42,211,4,Williamsburg - Bushwick,80.1,77.8,1335
2021,UHF42,301,4,Washington Heights,42,41.7,909
2021,UHF42,302,4,Central Harlem - Morningside Heights,136.2,136.6,1991
2021,UHF42,303,4,East Harlem,152.6,150.7,1355
2021,UHF42,304,4,Upper West Side,21.5,19.4,356
2021,UHF42,305,4,Upper East Side,13.8,12.2,208
2021,UHF42,306,4,Chelsea - Clinton,36.5,35.3,487
2021,UHF42,307,4,Gramercy Park - Murray Hill,18.3,16.3,193
2021,UHF42,308,4,Greenwich Village - SoHo,8,8,54
2021,UHF42,309,4,Union Square - Lower East Side,39.2,38.2,607
2021,UHF42,310,4,Lower Manhattan,33.1,28.7,148
2021,UHF42,401,4,Long Island City - Astoria,29.9,28.9,497
2021,UHF42,402,4,West Queens,23.2,22.9,842
2021,UHF42,403,4,Flushing - Clearview,11.7,10.3,218
2021,UHF42,404,4,Bayside - Little Neck,6,5.9,44
2021,UHF42,405,4,Ridgewood - Forest Hills,17.5,16.1,339
2021,UHF42,406,4,Fresh Meadows,16.8,16.1,125
2021,UHF42,407,4,Southwest Queens,31.6,31.2,696
2021,UHF42,408,4,Jamaica,48.3,46.4,1214
2021,UHF42,409,4,Southeast Queens,32.8,29.8,530
2021,UHF42,410,4,Rockaways,74.9,69.5,699
2021,UHF42,501,4,Port Richmond,75,75.2,404
2021,UHF42,502,4,Stapleton - St. George,48.4,45.7,467
2021,UHF42,503,4,Willowbrook,21.3,18.6,141
2021,UHF42,504,4,South Beach - Tottenville,13.8,13,203
2021,Borough,1,1,Bronx,99.3,98.9,10641
2021,Borough,2,1,Brooklyn,44.9,43.9,8997
2021,Borough,3,1,Manhattan,49.7,48.2,6515
2021,Borough,4,1,Queens,29.9,28.6,5358
2021,Borough,5,1,Staten Island,33.7,31.6,1227
2021,Citywide,1,0,New York City,49.7,48.6,32738
2020,CD,101,6,Financial District (CD1),17.9,14.6,80
2020,CD,102,6,Greenwich Village and Soho (CD2),9.8,9.7,81
2020,CD,103,6,Lower East Side and Chinatown (CD3),44.9,43.9,661
2020,CD,104,6,Clinton and Chelsea (CD4),28.6,26.6,364
2020,CD,105,6,Midtown (CD5),21.5,20,116
2020,CD,106,6,Stuyvesant Town and Turtle Bay (CD6),11.9,11.3,150
2020,CD,107,6,Upper West Side (CD7),21.3,20.7,382
2020,CD,108,6,Upper East Side (CD8),11.2,10.1,198
2020,CD,109,6,Morningside Heights and Hamilton Heights (CD9),53.7,52.3,480
2020,CD,110,6,Central Harlem (CD10),166.2,164.8,1504
2020,CD,111,6,East Harlem (CD11),155.5,154.2,1510
2020,CD,112,6,Washington Heights and Inwood (CD12),32.2,31.9,509
2020,CD,201,6,Mott Haven and Melrose (CD1),202.4,202.2,1457
2020,CD,202,6,Hunts Point and Longwood (CD2),111.5,111.4,460
2020,CD,203,6,Morrisania and Crotona (CD3),154,155.6,1018
2020,CD,204,6,Highbridge and Concourse (CD4),114.4,116.4,1349
2020,CD,205,6,Fordham and University Heights (CD5),108.7,108.9,1082
2020,CD,206,6,Belmont and East Tremont (CD6),151.1,150.5,946
2020,CD,207,6,Kingsbridge Heights and Bedford (CD7),67,67.8,757
2020,CD,208,6,Riverdale and Fieldston (CD8),25.9,25.4,211
2020,CD,209,6,Parkchester and Soundview (CD9),77.9,78.1,1113
2020,CD,210,6,Throgs Neck and Co-op City (CD10),43.3,40.5,402
2020,CD,211,6,Morris Park and Bronxdale (CD11),58.7,57.1,520
2020,CD,212,6,Williamsbridge and Baychester (CD12),90.9,89.1,1069
2020,CD,301,6,Greenpoint and Williamsburg (CD1),38.5,33.6,536
2020,CD,302,6,Fort Greene and Brooklyn Heights (CD2),36.7,32.8,394
2020,CD,303,6,Bedford Stuyvesant (CD3),108.8,107.8,1270
2020,CD,304,6,Bushwick (CD4),77.6,77.1,668
2020,CD,305,6,East New York and Starrett City (CD5),101.2,100.7,1346
2020,CD,306,6,Park Slope and Carroll Gardens (CD6),32.9,27.7,263
2020,CD,307,6,Sunset Park (CD7),26.7,25.1,267
2020,CD,308,6,Crown Heights and Prospect Heights (CD8),77.9,75.8,607
2020,CD,309,6,South Crown Heights and Lefferts Gardens (CD9),57.1,55.6,442
2020,CD,310,6,Bay Ridge and Dyker Heights (CD10),9,8.6,103
2020,CD,311,6,Bensonhurst (CD11),9.1,8.9,153
2020,CD,312,6,Borough Park (CD12),7.6,7.4,102
2020,CD,313,6,Coney Island (CD13),39.9,37.8,349
2020,CD,314,6,Flatbush and Midwood (CD14),36.6,36.2,468
2020,CD,315,6,Sheepshead Bay (CD15),11,10.4,150
2020,CD,316,6,Brownsville (CD16),170.5,168.2,1040
2020,CD,317,6,East Flatbush (CD17),73.3,69.4,868
2020,CD,318,6,Flatlands and Canarsie (CD18),49.8,48.6,740
2020,CD,401,6,Long Island City and Astoria (CD1),26.5,25.4,430
2020,CD,402,6,Woodside and Sunnyside (CD2),10.2,9.8,128
2020,CD,403,6,Jackson Heights (CD3),18.4,18,258
2020,CD,404,6,Elmhurst and Corona (CD4),18.9,18.8,283
2020,CD,405,6,Ridgewood and Maspeth (CD5),22.7,22.1,288
2020,CD,406,6,Rego Park and Forest Hills (CD6),14,12.8,126
2020,CD,407,6,Flushing and Whitestone (CD7),10,8.9,200
2020,CD,408,6,Hillcrest and Fresh Meadows (CD8),20.8,19.5,248
2020,CD,409,6,Kew Gardens and Woodhaven (CD9),28.1,28.2,326
2020,CD,410,6,South Ozone Park and Howard Beach (CD10),26.5,26.1,261
2020,CD,411,6,Bayside and Little Neck (CD11),4.4,4.2,42
2020,CD,412,6,Jamaica and Hollis (CD12),58.7,57.5,1071
2020,CD,413,6,Queens Village (CD13),30,28,447
2020,CD,414,6,Rockaway and Broad Channel (CD14),76.6,72.2,625
2020,CD,501,6,St. George and Stapleton (CD1),58.9,57.4,834
2020,CD,502,6,South Beach and Willowbrook (CD2),26,24.8,283
2020,CD,503,6,Tottenville and Great Kills (CD3),12.9,11.7,149
2020,UHF42,101,4,Kingsbridge - Riverdale,25.4,24.7,189
2020,UHF42,102,4,Northeast Bronx,67,62.6,1039
2020,UHF42,103,4,Fordham - Bronx Pk,75.6,76.3,1550
2020,UHF42,104,4,Pelham - Throgs Neck,65.6,65.3,1554
2020,UHF42,105,4,Crotona - Tremont,129.3,130,2046
2020,UHF42,106,4,High Bridge - Morrisania,150.5,151.9,2454
2020,UHF42,107,4,Hunts Point - Mott Haven,149.7,150,1552
2020,UHF42,201,4,Greenpoint,25,21.3,247
2020,UHF42,202,4,Downtown - Heights - Slope,35.7,31.8,719
2020,UHF42,203,4,Bedford Stuyvesant - Crown Heights,90.5,89.6,2485
2020,UHF42,204,4,East New York,94.2,94.3,1424
2020,UHF42,205,4,Sunset Park,26.4,25.5,245
2020,UHF42,206,4,Borough Park,10.3,10.2,249
2020,UHF42,207,4,East Flatbush - Flatbush,57.1,55.4,1350
2020,UHF42,208,4,Canarsie - Flatlands,52.4,50.6,850
2020,UHF42,209,4,Bensonhurst - Bay Ridge,10,9.9,171
2020,UHF42,210,4,Coney Island - Sheepshead Bay,22.9,21.8,527
2020,UHF42,211,4,Williamsburg - Bushwick,87.6,85.3,1499
2020,UHF42,301,4,Washington Heights,31.4,31.1,704
2020,UHF42,302,4,Central Harlem - Morningside Heights,127.1,126.3,1915
2020,UHF42,303,4,East Harlem,148.7,147.5,1360
2020,UHF42,304,4,Upper West Side,21.2,20.7,404
2020,UHF42,305,4,Upper East Side,11.7,10.4,199
2020,UHF42,306,4,Chelsea - Clinton,32.7,30.9,462
2020,UHF42,307,4,Gramercy Park - Murray Hill,13.2,12.5,161
2020,UHF42,308,4,Greenwich Village - SoHo,10.8,10.8,80
2020,UHF42,309,4,Union Square - Lower East Side,38,37,633
2020,UHF42,310,4,Lower Manhattan,24.5,20.9,117
2020,UHF42,401,4,Long Island City - Astoria,25.9,24.1,434
2020,UHF42,402,4,West Queens,18.7,18.5,698
2020,UHF42,403,4,Flushing - Clearview,10.4,9.3,204
2020,UHF42,404,4,Bayside - Little Neck,4.3,4.2,32
2020,UHF42,405,4,Ridgewood - Forest Hills,18.3,17.4,382
2020,UHF42,406,4,Fresh Meadows,17.7,16.2,131
2020,UHF42,407,4,Southwest Queens,26.2,26.1,586
2020,UHF42,408,4,Jamaica,46.3,45.3,1191
2020,UHF42,409,4,Southeast Queens,26.8,25,451
2020,UHF42,410,4,Rockaways,64.3,60.6,625
2020,UHF42,501,4,Port Richmond,71.4,71.1,380
2020,UHF42,502,4,Stapleton - St. George,53.2,51.4,523
2020,UHF42,503,4,Willowbrook,23.1,20.7,156
2020,UHF42,504,4,South Beach - Tottenville,14,13.1,207
2020,Borough,1,1,Bronx,96.3,96.5,10651
2020,Borough,2,1,Brooklyn,48.9,48,10137
2020,Borough,3,1,Manhattan,44.7,43.5,6290
2020,Borough,4,1,Queens,26.3,25.4,4873
2020,Borough,5,1,Staten Island,35.1,33.2,1287
2020,Citywide,1,0,New York City,48.4,47.7,33238
2019,CD,101,6,Financial District (CD1),27.4,21.9,124
2019,CD,102,6,Greenwich Village and Soho (CD2),9.7,9.5,81
2019,CD,103,6,Lower East Side and Chinatown (CD3),81,79.2,1222
2019,CD,104,6,Clinton and Chelsea (CD4),40.4,38.2,533
2019,CD,105,6,Midtown (CD5),28.3,25.8,153
2019,CD,106,6,Stuyvesant Town and Turtle Bay (CD6),23.6,22,301
2019,CD,107,6,Upper West Side (CD7),42.3,38.9,732
2019,CD,108,6,Upper East Side (CD8),18.5,15.6,312
2019,CD,109,6,Morningside Heights and Hamilton Heights (CD9),85,83.5,792
2019,CD,110,6,Central Harlem (CD10),274.7,272.6,2568
2019,CD,111,6,East Harlem (CD11),246.2,242.5,2447
2019,CD,112,6,Washington Heights and Inwood (CD12),56.3,56,918
2019,CD,201,6,Mott Haven and Melrose (CD1),300.2,300.6,2218
2019,CD,202,6,Hunts Point and Longwood (CD2),180.5,180.7,764
2019,CD,203,6,Morrisania and Crotona (CD3),222.2,226,1517
2019,CD,204,6,Highbridge and Concourse (CD4),179,181.3,2151
2019,CD,205,6,Fordham and University Heights (CD5),153.6,154.4,1573
2019,CD,206,6,Belmont and East Tremont (CD6),235.7,235.6,1519
2019,CD,207,6,Kingsbridge Heights and Bedford (CD7),115.2,116.1,1330
2019,CD,208,6,Riverdale and Fieldston (CD8),46.6,44.8,383
2019,CD,209,6,Parkchester and Soundview (CD9),117.8,118.3,11
2019,CD,210,6,Throgs Neck and Co-op City (CD10),75.4,72,731
2019,CD,211,6,Morris Park and Bronxdale (CD11),94.1,90.9,850
2019,CD,212,6,Williamsbridge and Baychester (CD12),163.8,161.1,1985
2019,CD,301,6,Greenpoint and Williamsburg (CD1),63.5,54.5,863
2019,CD,302,6,Fort Greene and Brooklyn Heights (CD2),63,57.3,682
2019,CD,303,6,Bedford Stuyvesant (CD3),166.8,164.7,1950
2019,CD,304,6,Bushwick (CD4),112.4,110.5,960
2019,CD,305,6,East New York and Starrett City (CD5),171.4,170.7,2293
2019,CD,306,6,Park Slope and Carroll Gardens (CD6),50.6,42.1,394
2019,CD,307,6,Sunset Park (CD7),42.6,40.2,425
2019,CD,308,6,Crown Heights and Prospect Heights (CD8),109,105.5,846
2019,CD,309,6,South Crown Heights and Lefferts Gardens (CD9),94.2,91.8,731
2019,CD,310,6,Bay Ridge and Dyker Heights (CD10),20.7,20.3,238
2019,CD,311,6,Bensonhurst (CD11),16,15.7,265
2019,CD,312,6,Borough Park (CD12),18.3,18.1,246
2019,CD,313,6,Coney Island (CD13),79.7,71.7,654
2019,CD,314,6,Flatbush and Midwood (CD14),59.6,59.2,763
2019,CD,315,6,Sheepshead Bay (CD15),22.6,21.7,308
2019,CD,316,6,Brownsville (CD16),237.6,235.4,1469
2019,CD,317,6,East Flatbush (CD17),117.8,113,1422
2019,CD,318,6,Flatlands and Canarsie (CD18),79.5,78,1189
2019,CD,401,6,Long Island City and Astoria (CD1),44.4,42.6,722
2019,CD,402,6,Woodside and Sunnyside (CD2),19.9,18.6,243
2019,CD,403,6,Jackson Heights (CD3),31.5,30.8,440
2019,CD,404,6,Elmhurst and Corona (CD4),33.7,33.5,504
2019,CD,405,6,Ridgewood and Maspeth (CD5),39.3,38.6,500
2019,CD,406,6,Rego Park and Forest Hills (CD6),20.4,18.7,183
2019,CD,407,6,Flushing and Whitestone (CD7),18.8,17.4,390
2019,CD,408,6,Hillcrest and Fresh Meadows (CD8),33,32.2,408
2019,CD,409,6,Kew Gardens and Woodhaven (CD9),46.6,46.7,537
2019,CD,410,6,South Ozone Park and Howard Beach (CD10),50.3,49.6,494
2019,CD,411,6,Bayside and Little Neck (CD11),11,10.5,103
2019,CD,412,6,Jamaica and Hollis (CD12),93.4,92.4,1724
2019,CD,413,6,Queens Village (CD13),52.7,49.6,790
2019,CD,414,6,Rockaway and Broad Channel (CD14),121.9,116.8,1008
2019,CD,501,6,St. George and Stapleton (CD1),97.3,94.8,1402
2019,CD,502,6,South Beach and Willowbrook (CD2),37.4,34.8,404
2019,CD,503,6,Tottenville and Great Kills (CD3),18.2,17.5,228
2019,UHF42,101,4,Kingsbridge - Riverdale,44,42,331
2019,UHF42,102,4,Northeast Bronx,123.6,118.2,1999
2019,UHF42,103,4,Fordham - Bronx Pk,123.8,125.2,2597
2019,UHF42,104,4,Pelham - Throgs Neck,102.3,101.7,2463
2019,UHF42,105,4,Crotona - Tremont,189.2,191.5,3138
2019,UHF42,106,4,High Bridge - Morrisania,219.3,222.3,3682
2019,UHF42,107,4,Hunts Point - Mott Haven,237.1,237.5,2534
2019,UHF42,201,4,Greenpoint,43.2,36.6,429
2019,UHF42,202,4,Downtown - Heights - Slope,57.2,51.1,1131
2019,UHF42,203,4,Bedford Stuyvesant - Crown Heights,134.9,133,3640
2019,UHF42,204,4,East New York,160.1,160.4,2381
2019,UHF42,205,4,Sunset Park,41.9,40.7,395
2019,UHF42,206,4,Borough Park,21.7,21.6,520
2019,UHF42,207,4,East Flatbush - Flatbush,92.1,90.1,2206
2019,UHF42,208,4,Canarsie - Flatlands,81.3,78.7,1340
2019,UHF42,209,4,Bensonhurst - Bay Ridge,21,20.8,357
2019,UHF42,210,4,Coney Island - Sheepshead Bay,43.2,40.3,977
2019,UHF42,211,4,Williamsburg - Bushwick,138.3,133.4,2322
2019,UHF42,301,4,Washington Heights,55.6,55.3,1279
2019,UHF42,302,4,Central Harlem - Morningside Heights,211,209.3,3235
2019,UHF42,303,4,East Harlem,234.4,230.9,2176
2019,UHF42,304,4,Upper West Side,41.3,38.9,762
2019,UHF42,305,4,Upper East Side,19.4,16.4,316
2019,UHF42,306,4,Chelsea - Clinton,43.2,41.1,650
2019,UHF42,307,4,Gramercy Park - Murray Hill,24.7,22.6,297
2019,UHF42,308,4,Greenwich Village - SoHo,12.9,12.6,97
2019,UHF42,309,4,Union Square - Lower East Side,67.3,65.5,1135
2019,UHF42,310,4,Lower Manhattan,47.7,40,235
2019,UHF42,401,4,Long Island City - Astoria,44.6,41.3,740
2019,UHF42,402,4,West Queens,33.6,33.2,1249
2019,UHF42,403,4,Flushing - Clearview,19.6,18.1,395
2019,UHF42,404,4,Bayside - Little Neck,11.7,11.1,83
2019,UHF42,405,4,Ridgewood - Forest Hills,28.9,27.6,606
2019,UHF42,406,4,Fresh Meadows,29.1,28.5,234
2019,UHF42,407,4,Southwest Queens,45.3,45.1,1026
2019,UHF42,408,4,Jamaica,72.8,72,1898
2019,UHF42,409,4,Southeast Queens,47.6,44.7,810
2019,UHF42,410,4,Rockaways,103.9,99.4,1008
2019,UHF42,501,4,Port Richmond,119.9,120.2,656
2019,UHF42,502,4,Stapleton - St. George,86.3,81,835
2019,UHF42,503,4,Willowbrook,33,31.3,240
2019,UHF42,504,4,South Beach - Tottenville,19.7,18.9,304
2019,Borough,1,1,Bronx,151,151.3,17137
2019,Borough,2,1,Brooklyn,78,76.7,16114
2019,Borough,3,1,Manhattan,73.5,71.1,10543
2019,Borough,4,1,Queens,44.6,43.5,8306
2019,Borough,5,1,Staten Island,55.4,52.3,2066
2019,Citywide,1,0,New York City,78.3,77.1,54166
2018,UHF42,101,4,Kingsbridge - Riverdale,60.2,55,412
2018,UHF42,102,4,Northeast Bronx,125.7,122.1,1957
2018,UHF42,103,4,Fordham - Bronx Pk,155.8,155.3,3067
2018,UHF42,104,4,Pelham - Throgs Neck,112.1,110.6,2572
2018,UHF42,105,4,Crotona - Tremont,224.2,228.2,3512
2018,UHF42,106,4,High Bridge - Morrisania,235.8,241.8,3832
2018,UHF42,107,4,Hunts Point - Mott Haven,256,258.1,2629
2018,UHF42,201,4,Greenpoint,51.5,42.6,458
2018,UHF42,202,4,Downtown - Heights - Slope,71.3,63.9,1336
2018,UHF42,203,4,Bedford Stuyvesant - Crown Heights,175.2,173.2,4414
2018,UHF42,204,4,East New York,183.1,185.1,2561
2018,UHF42,205,4,Sunset Park,46.8,45.3,429
2018,UHF42,206,4,Borough Park,28.3,28,653
2018,UHF42,207,4,East Flatbush - Flatbush,117.5,111.2,2608
2018,UHF42,208,4,Canarsie - Flatlands,84.2,80.3,1304
2018,UHF42,209,4,Bensonhurst - Bay Ridge,20.9,20.5,337
2018,UHF42,210,4,Coney Island - Sheepshead Bay,47.3,45.8,1059
2018,UHF42,211,4,Williamsburg - Bushwick,158.7,149.3,2469
2018,UHF42,301,4,Washington Heights,75.3,73.6,1629
2018,UHF42,302,4,Central Harlem - Morningside Heights,218.6,221.8,3233
2018,UHF42,303,4,East Harlem,262.4,263.6,2399
2018,UHF42,304,4,Upper West Side,56,52.8,982
2018,UHF42,305,4,Upper East Side,18,16.3,299
2018,UHF42,306,4,Chelsea - Clinton,52.2,47,688
2018,UHF42,307,4,Gramercy Park - Murray Hill,39.3,33.4,401
2018,UHF42,308,4,Greenwich Village - SoHo,14.3,14,102
2018,UHF42,309,4,Union Square - Lower East Side,78.8,76.2,1253
2018,UHF42,310,4,Lower Manhattan,56.7,47.7,247
2018,UHF42,401,4,Long Island City - Astoria,51.3,46.7,825
2018,UHF42,402,4,West Queens,37.8,37.5,1347
2018,UHF42,403,4,Flushing - Clearview,20.5,19.6,410
2018,UHF42,404,4,Bayside - Little Neck,14,12.9,92
2018,UHF42,405,4,Ridgewood - Forest Hills,32.9,31.3,645
2018,UHF42,406,4,Fresh Meadows,33.8,32.2,253
2018,UHF42,407,4,Southwest Queens,45.4,45.3,987
2018,UHF42,408,4,Jamaica,62.3,62.5,1555
2018,UHF42,409,4,Southeast Queens,43.9,42.1,721
2018,UHF42,410,4,Rockaways,110.4,104.6,983
2018,UHF42,501,4,Port Richmond,135.3,137.2,690
2018,UHF42,502,4,Stapleton - St. George,95.5,89,864
2018,UHF42,503,4,Willowbrook,42.1,38.3,281
2018,UHF42,504,4,South Beach - Tottenville,26.6,24.6,375
2018,Borough,1,1,Bronx,172.4,172.8,18641
2018,Borough,2,1,Brooklyn,93.2,91.2,18211
2018,Borough,3,1,Manhattan,86.8,84,11725
2018,Borough,4,1,Queens,45.3,44.4,8084
2018,Borough,5,1,Staten Island,64,60.2,2246
2018,Citywide,1,0,New York City,89.9,88.4,58907
2017,UHF42,101,4,Kingsbridge - Riverdale,52.1,49.6,394
2017,UHF42,102,4,Northeast Bronx,117.7,112.8,1900
2017,UHF42,103,4,Fordham - Bronx Pk,135,137.1,2835
2017,UHF42,104,4,Pelham - Throgs Neck,108.1,108.4,2618
2017,UHF42,105,4,Crotona - Tremont,197.5,198.5,3236
2017,UHF42,106,4,High Bridge - Morrisania,231.8,235.8,3882
2017,UHF42,107,4,Hunts Point - Mott Haven,260.2,263,2788
2017,UHF42,201,4,Greenpoint,46.5,39.9,462
2017,UHF42,202,4,Downtown - Heights - Slope,63.9,56.4,1238
2017,UHF42,203,4,Bedford Stuyvesant - Crown Heights,150.4,149.9,4109
2017,UHF42,204,4,East New York,163.7,165.1,2464
2017,UHF42,205,4,Sunset Park,48.3,46.6,450
2017,UHF42,206,4,Borough Park,20.7,20.7,493
2017,UHF42,207,4,East Flatbush - Flatbush,100.3,98.4,2412
2017,UHF42,208,4,Canarsie - Flatlands,80.3,77.2,1318
2017,UHF42,209,4,Bensonhurst - Bay Ridge,18.1,17.7,302
2017,UHF42,210,4,Coney Island - Sheepshead Bay,50.3,47.5,1140
2017,UHF42,211,4,Williamsburg - Bushwick,152.8,146.3,2550
2017,UHF42,301,4,Washington Heights,73.1,72.8,1675
2017,UHF42,302,4,Central Harlem - Morningside Heights,209.5,209.3,3217
2017,UHF42,303,4,East Harlem,263.5,260.8,2440
2017,UHF42,304,4,Upper West Side,58.6,56.1,1084
2017,UHF42,305,4,Upper East Side,16.6,14.7,280
2017,UHF42,306,4,Chelsea - Clinton,46,43.7,675
2017,UHF42,307,4,Gramercy Park - Murray Hill,31.1,29.2,378
2017,UHF42,308,4,Greenwich Village - SoHo,10.6,10.4,79
2017,UHF42,309,4,Union Square - Lower East Side,70.6,70,1193
2017,UHF42,310,4,Lower Manhattan,43.1,37.8,216
2017,UHF42,401,4,Long Island City - Astoria,53.5,49.6,903
2017,UHF42,402,4,West Queens,36.2,36.1,1363
2017,UHF42,403,4,Flushing - Clearview,21.8,20.9,454
2017,UHF42,404,4,Bayside - Little Neck,13.3,12.9,97
2017,UHF42,405,4,Ridgewood - Forest Hills,30.6,29.2,647
2017,UHF42,406,4,Fresh Meadows,33.7,32.8,270
2017,UHF42,407,4,Southwest Queens,49.5,49.4,1127
2017,UHF42,408,4,Jamaica,73.7,73.1,1925
2017,UHF42,409,4,Southeast Queens,49.6,46.7,845
2017,UHF42,410,4,Rockaways,99.1,96,982
2017,UHF42,501,4,Port Richmond,107.3,107.9,577
2017,UHF42,502,4,Stapleton - St. George,85.7,82.8,834
2017,UHF42,503,4,Willowbrook,33.2,32.1,239
2017,UHF42,504,4,South Beach - Tottenville,24,22.6,362
2017,Borough,1,1,Bronx,160.1,161.1,18214
2017,Borough,2,1,Brooklyn,84.2,83.3,17453
2017,Borough,3,1,Manhattan,82.3,79.8,11659
2017,Borough,4,1,Queens,47.1,46.4,8887
2017,Borough,5,1,Staten Island,54.7,52.4,2038
2017,Citywide,1,0,New York City,84.1,83.3,58251
2016,UHF42,101,4,Kingsbridge - Riverdale,78.3,75,559
2016,UHF42,102,4,Northeast Bronx,145.7,139.1,2231
2016,UHF42,103,4,Fordham - Bronx Pk,182.1,184.4,3560
2016,UHF42,104,4,Pelham - Throgs Neck,136.8,136.4,3250
2016,UHF42,105,4,Crotona - Tremont,244.1,247.4,3901
2016,UHF42,106,4,High Bridge - Morrisania,275.3,280.4,4507
2016,UHF42,107,4,Hunts Point - Mott Haven,309.1,309.5,3244
2016,UHF42,201,4,Greenpoint,65.8,54.3,602
2016,UHF42,202,4,Downtown - Heights - Slope,77.2,67.3,1435
2016,UHF42,203,4,Bedford Stuyvesant - Crown Heights,209.2,208.5,5327
2016,UHF42,204,4,East New York,205.5,208.4,2840
2016,UHF42,205,4,Sunset Park,49.8,48.5,497
2016,UHF42,206,4,Borough Park,27.5,27.2,668
2016,UHF42,207,4,East Flatbush - Flatbush,123.7,122.2,2885
2016,UHF42,208,4,Canarsie - Flatlands,98.6,95.2,1535
2016,UHF42,209,4,Bensonhurst - Bay Ridge,23.7,23.5,402
2016,UHF42,210,4,Coney Island - Sheepshead Bay,56.9,53.2,1214
2016,UHF42,211,4,Williamsburg - Bushwick,206.8,199.9,3302
2016,UHF42,301,4,Washington Heights,90.4,89.9,1973
2016,UHF42,302,4,Central Harlem - Morningside Heights,269.4,266.5,3761
2016,UHF42,303,4,East Harlem,317.4,314.5,2806
2016,UHF42,304,4,Upper West Side,64.2,61.7,1159
2016,UHF42,305,4,Upper East Side,20.3,18.2,340
2016,UHF42,306,4,Chelsea - Clinton,51,47.5,687
2016,UHF42,307,4,Gramercy Park - Murray Hill,43,37.5,456
2016,UHF42,308,4,Greenwich Village - SoHo,17.9,17.6,128
2016,UHF42,309,4,Union Square - Lower East Side,81.1,77.5,1348
2016,UHF42,310,4,Lower Manhattan,60.6,48.7,263
2016,UHF42,401,4,Long Island City - Astoria,68.9,61.5,1120
2016,UHF42,402,4,West Queens,41.2,41,1558
2016,UHF42,403,4,Flushing - Clearview,24.6,23.3,511
2016,UHF42,404,4,Bayside - Little Neck,16.7,16.1,119
2016,UHF42,405,4,Ridgewood - Forest Hills,40.5,38.3,777
2016,UHF42,406,4,Fresh Meadows,40.6,39.9,318
2016,UHF42,407,4,Southwest Queens,50.4,50.6,1147
2016,UHF42,408,4,Jamaica,88,86.4,2151
2016,UHF42,409,4,Southeast Queens,57.7,54.9,937
2016,UHF42,410,4,Rockaways,119.9,115.6,1032
2016,UHF42,501,4,Port Richmond,121,121.5,604
2016,UHF42,502,4,Stapleton - St. George,90.5,85.5,835
2016,UHF42,503,4,Willowbrook,32.1,29.7,210
2016,UHF42,504,4,South Beach - Tottenville,29,27,415
2016,Borough,1,1,Bronx,192.4,193.5,21089
2016,Borough,2,1,Brooklyn,103.1,101.7,20608
2016,Borough,3,1,Manhattan,95.5,91.7,12872
2016,Borough,4,1,Queens,52.3,51.6,9598
2016,Borough,5,1,Staten Island,59.1,55.5,2062
2016,Citywide,1,0,New York City,99.1,98.1,66229
2014,UHF42,101,4,Kingsbridge - Riverdale,74.6,71,527
2014,UHF42,102,4,Northeast Bronx,170.7,165.3,2615
2014,UHF42,103,4,Fordham - Bronx Pk,216.1,217.5,4119
2014,UHF42,104,4,Pelham - Throgs Neck,163.3,164.1,3850
2014,UHF42,105,4,Crotona - Tremont,285.9,289.1,4462
2014,UHF42,106,4,High Bridge - Morrisania,279.3,284.3,4473
2014,UHF42,107,4,Hunts Point - Mott Haven,337.7,338.3,3463
2014,UHF42,201,4,Greenpoint,73.5,59.7,643
2014,UHF42,202,4,Downtown - Heights - Slope,81.6,73.4,1516
2014,UHF42,203,4,Bedford Stuyvesant - Crown Heights,235.4,235.2,6007
2014,UHF42,204,4,East New York,243.1,248.1,3393
2014,UHF42,205,4,Sunset Park,65,61.5,618
2014,UHF42,206,4,Borough Park,34.3,34.1,829
2014,UHF42,207,4,East Flatbush - Flatbush,125.9,125.3,2954
2014,UHF42,208,4,Canarsie - Flatlands,99.8,99.2,1601
2014,UHF42,209,4,Bensonhurst - Bay Ridge,29,29,488
2014,UHF42,210,4,Coney Island - Sheepshead Bay,58.9,57.1,1293
2014,UHF42,211,4,Williamsburg - Bushwick,247,233.1,3849
2014,UHF42,301,4,Washington Heights,100.8,100.2,2192
2014,UHF42,302,4,Central Harlem - Morningside Heights,267.8,263.3,3720
2014,UHF42,303,4,East Harlem,339.7,336.2,2990
2014,UHF42,304,4,Upper West Side,61.6,59.9,1122
2014,UHF42,305,4,Upper East Side,25.9,23.7,445
2014,UHF42,306,4,Chelsea - Clinton,62.5,57.9,820
2014,UHF42,307,4,Gramercy Park - Murray Hill,56.5,48.8,587
2014,UHF42,308,4,Greenwich Village - SoHo,15.5,15,109
2014,UHF42,309,4,Union Square - Lower East Side,90.3,86.1,1487
2014,UHF42,310,4,Lower Manhattan,62.6,47,246
2014,UHF42,401,4,Long Island City - Astoria,62.1,56.7,1024
2014,UHF42,402,4,West Queens,41.8,41.3,1556
2014,UHF42,403,4,Flushing - Clearview,28.6,29,624
2014,UHF42,404,4,Bayside - Little Neck,19.3,19.6,144
2014,UHF42,405,4,Ridgewood - Forest Hills,43.8,42.8,873
2014,UHF42,406,4,Fresh Meadows,42.9,42.6,337
2014,UHF42,407,4,Southwest Queens,67.5,67.2,1509
2014,UHF42,408,4,Jamaica,100.8,101.4,2496
2014,UHF42,409,4,Southeast Queens,61.6,59.9,1013
2014,UHF42,410,4,Rockaways,126,124.7,1118
2014,UHF42,501,4,Port Richmond,148.4,151.5,739
2014,UHF42,502,4,Stapleton - St. George,111.4,109.4,1052
2014,UHF42,503,4,Willowbrook,44.3,41.3,288
2014,UHF42,504,4,South Beach - Tottenville,34.5,32.4,498
2014,Borough,1,1,Bronx,225.1,226.8,24306
2014,Borough,2,1,Brooklyn,120.2,119.4,23972
2014,Borough,3,1,Manhattan,106.6,102.4,14294
2014,Borough,4,1,Queens,60.7,60.7,11198
2014,Borough,5,1,Staten Island,73.7,71.3,2626
2014,Citywide,1,0,New York City,114.7,114.3,76396
2013,UHF42,101,4,Kingsbridge - Riverdale,76.2,75,556
2013,UHF42,102,4,Northeast Bronx,166.5,161.2,2526
2013,UHF42,103,4,Fordham - Bronx Pk,221.5,223.3,4175
2013,UHF42,104,4,Pelham - Throgs Neck,164.7,165.5,3846
2013,UHF42,105,4,Crotona - Tremont,281.8,283.3,4306
2013,UHF42,106,4,High Bridge - Morrisania,285.3,289.9,4493
2013,UHF42,107,4,Hunts Point - Mott Haven,324.5,325.9,3281
2013,UHF42,201,4,Greenpoint,82.2,66.3,702
2013,UHF42,202,4,Downtown - Heights - Slope,87.8,80.5,1633
2013,UHF42,203,4,Bedford Stuyvesant - Crown Heights,232.4,232.8,5921
2013,UHF42,204,4,East New York,229.1,234.8,3204
2013,UHF42,205,4,Sunset Park,83.3,78.4,778
2013,UHF42,206,4,Borough Park,31,31,747
2013,UHF42,207,4,East Flatbush - Flatbush,139.9,139.5,3274
2013,UHF42,208,4,Canarsie - Flatlands,93.9,93.1,1499
2013,UHF42,209,4,Bensonhurst - Bay Ridge,30.1,30.4,507
2013,UHF42,210,4,Coney Island - Sheepshead Bay,57.9,57.6,1296
2013,UHF42,211,4,Williamsburg - Bushwick,256.9,242.8,3992
2013,UHF42,301,4,Washington Heights,93.5,93.2,2031
2013,UHF42,302,4,Central Harlem - Morningside Heights,267.3,263.7,3731
2013,UHF42,303,4,East Harlem,319.8,316.8,2810
2013,UHF42,304,4,Upper West Side,57.6,55.2,1033
2013,UHF42,305,4,Upper East Side,21.9,21.2,398
2013,UHF42,306,4,Chelsea - Clinton,59.1,54,757
2013,UHF42,307,4,Gramercy Park - Murray Hill,53.6,46.5,556
2013,UHF42,308,4,Greenwich Village - SoHo,12.6,11.7,85
2013,UHF42,309,4,Union Square - Lower East Side,87.7,83.4,1437
2013,UHF42,310,4,Lower Manhattan,51.9,38,196
2013,UHF42,401,4,Long Island City - Astoria,68.7,63.1,1129
2013,UHF42,402,4,West Queens,42,41.5,1545
2013,UHF42,403,4,Flushing - Clearview,29.9,29.3,623
2013,UHF42,404,4,Bayside - Little Neck,19.3,18.8,137
2013,UHF42,405,4,Ridgewood - Forest Hills,40.3,39.9,813
2013,UHF42,406,4,Fresh Meadows,51.7,50.4,396
2013,UHF42,407,4,Southwest Queens,63.5,63.7,1417
2013,UHF42,408,4,Jamaica,103.1,103.9,2534
2013,UHF42,409,4,Southeast Queens,60.6,58.8,987
2013,UHF42,410,4,Rockaways,106,103.6,928
2013,UHF42,501,4,Port Richmond,137.9,140.8,680
2013,UHF42,502,4,Stapleton - St. George,110.9,109.7,1047
2013,UHF42,503,4,Willowbrook,44.2,43,298
2013,UHF42,504,4,South Beach - Tottenville,35.8,33.9,520
2013,Borough,1,1,Bronx,224,225.8,23937
2013,Borough,2,1,Brooklyn,122.6,122,24305
2013,Borough,3,1,Manhattan,101.6,97.7,13586
2013,Borough,4,1,Queens,60.3,60.3,11020
2013,Borough,5,1,Staten Island,73.3,71.6,2625
2013,Citywide,1,0,New York City,114,113.7,75473
2012,UHF42,101,4,Kingsbridge - Riverdale,73.6,72.1,534
2012,UHF42,102,4,Northeast Bronx,137.6,134.3,2084
2012,UHF42,103,4,Fordham - Bronx Pk,199.4,199.4,3676
2012,UHF42,104,4,Pelham - Throgs Neck,162.3,163.6,3767
2012,UHF42,105,4,Crotona - Tremont,296.3,298.3,4457
2012,UHF42,106,4,High Bridge - Morrisania,289.1,291.9,4447
2012,UHF42,107,4,Hunts Point - Mott Haven,323.8,330,3261
2012,UHF42,201,4,Greenpoint,80.8,66.8,693
2012,UHF42,202,4,Downtown - Heights - Slope,96.6,89.6,1777
2012,UHF42,203,4,Bedford Stuyvesant - Crown Heights,239.6,241.1,6088
2012,UHF42,204,4,East New York,229.2,235.3,3196
2012,UHF42,205,4,Sunset Park,89.8,84.3,824
2012,UHF42,206,4,Borough Park,38.9,38.8,926
2012,UHF42,207,4,East Flatbush - Flatbush,146.6,146.5,3411
2012,UHF42,208,4,Canarsie - Flatlands,104,101.7,1628
2012,UHF42,209,4,Bensonhurst - Bay Ridge,32.7,32.4,534
2012,UHF42,210,4,Coney Island - Sheepshead Bay,60.5,59.4,1327
2012,UHF42,211,4,Williamsburg - Bushwick,274,260.5,4257
2012,UHF42,301,4,Washington Heights,98.2,97.7,2120
2012,UHF42,302,4,Central Harlem - Morningside Heights,279.9,277.9,3938
2012,UHF42,303,4,East Harlem,327.1,325.6,2880
2012,UHF42,304,4,Upper West Side,61.9,59.4,1108
2012,UHF42,305,4,Upper East Side,21.5,20.6,386
2012,UHF42,306,4,Chelsea - Clinton,61.8,57,791
2012,UHF42,307,4,Gramercy Park - Murray Hill,52.1,46.1,549
2012,UHF42,308,4,Greenwich Village - SoHo,19.8,18.2,132
2012,UHF42,309,4,Union Square - Lower East Side,111,106.8,1838
2012,UHF42,310,4,Lower Manhattan,61.7,47.9,244
2012,UHF42,401,4,Long Island City - Astoria,69.2,64,1135
2012,UHF42,402,4,West Queens,43,42.6,1570
2012,UHF42,403,4,Flushing - Clearview,30.1,29.5,620
2012,UHF42,404,4,Bayside - Little Neck,22.6,21.4,155
2012,UHF42,405,4,Ridgewood - Forest Hills,41.5,40.8,830
2012,UHF42,406,4,Fresh Meadows,54.9,53.1,414
2012,UHF42,407,4,Southwest Queens,73,73.3,1616
2012,UHF42,408,4,Jamaica,105.3,105.7,2547
2012,UHF42,409,4,Southeast Queens,67.2,65.4,1087
2012,UHF42,410,4,Rockaways,132.1,130.4,1164
2012,UHF42,501,4,Port Richmond,174.7,176.7,844
2012,UHF42,502,4,Stapleton - St. George,126,124.5,1177
2012,UHF42,503,4,Willowbrook,41.5,41.3,284
2012,UHF42,504,4,South Beach - Tottenville,45.9,44.9,688
2012,Borough,1,1,Bronx,218.1,220.2,23063
2012,Borough,2,1,Brooklyn,129.3,129,25438
2012,Borough,3,1,Manhattan,109,104.9,14537
2012,Borough,4,1,Queens,64.5,64.5,11685
2012,Borough,5,1,Staten Island,85.9,84.3,3069
2012,Citywide,1,0,New York City,118.3,118.2,77792
2011,UHF42,101,4,Kingsbridge - Riverdale,67.3,65.2,481
2011,UHF42,102,4,Northeast Bronx,89.2,89.8,1380
2011,UHF42,103,4,Fordham - Bronx Pk,168.4,167.4,3034
2011,UHF42,104,4,Pelham - Throgs Neck,136.4,137.8,3135
2011,UHF42,105,4,Crotona - Tremont,301.3,302.3,4426
2011,UHF42,106,4,High Bridge - Morrisania,262.8,263.4,3937
2011,UHF42,107,4,Hunts Point - Mott Haven,297.3,300.2,2902
2011,UHF42,201,4,Greenpoint,76.3,65.4,662
2011,UHF42,202,4,Downtown - Heights - Slope,100.5,91.1,1761
2011,UHF42,203,4,Bedford Stuyvesant - Crown Heights,217.2,218,5453
2011,UHF42,204,4,East New York,212.2,216.9,2926
2011,UHF42,205,4,Sunset Park,80.1,76.8,737
2011,UHF42,206,4,Borough Park,36,36,847
2011,UHF42,207,4,East Flatbush - Flatbush,146.1,146.4,3378
2011,UHF42,208,4,Canarsie - Flatlands,104.2,102.2,1624
2011,UHF42,209,4,Bensonhurst - Bay Ridge,26.4,26.2,424
2011,UHF42,210,4,Coney Island - Sheepshead Bay,57.2,56.2,1240
2011,UHF42,211,4,Williamsburg - Bushwick,246.3,233.8,3782
2011,UHF42,301,4,Washington Heights,95.4,95,2036
2011,UHF42,302,4,Central Harlem - Morningside Heights,261.1,259.8,3664
2011,UHF42,303,4,East Harlem,317.7,317.9,2782
2011,UHF42,304,4,Upper West Side,55.7,54,999
2011,UHF42,305,4,Upper East Side,26.7,24.7,459
2011,UHF42,306,4,Chelsea - Clinton,58.8,54.8,749
2011,UHF42,307,4,Gramercy Park - Murray Hill,54.7,46.8,552
2011,UHF42,308,4,Greenwich Village - SoHo,22.2,20.4,147
2011,UHF42,309,4,Union Square - Lower East Side,104.3,101.3,1730
2011,UHF42,310,4,Lower Manhattan,55.1,47.8,239
2011,UHF42,401,4,Long Island City - Astoria,69,63.6,1118
2011,UHF42,402,4,West Queens,40.3,39.6,1447
2011,UHF42,403,4,Flushing - Clearview,29.8,29.6,615
2011,UHF42,404,4,Bayside - Little Neck,17.4,17.5,126
2011,UHF42,405,4,Ridgewood - Forest Hills,39.9,39,792
2011,UHF42,406,4,Fresh Meadows,47.4,46.4,359
2011,UHF42,407,4,Southwest Queens,68,69,1506
2011,UHF42,408,4,Jamaica,99.4,100.1,2387
2011,UHF42,409,4,Southeast Queens,69,66.8,1101
2011,UHF42,410,4,Rockaways,124.4,123,1095
2011,UHF42,501,4,Port Richmond,156.1,158.7,756
2011,UHF42,502,4,Stapleton - St. George,115.2,115.1,1083
2011,UHF42,503,4,Willowbrook,41.5,41.1,281
2011,UHF42,504,4,South Beach - Tottenville,39.6,39.2,599
2011,Borough,1,1,Bronx,191.7,193.2,19940
2011,Borough,2,1,Brooklyn,121.1,121,23527
2011,Borough,3,1,Manhattan,105.1,101.7,13959
2011,Borough,4,1,Queens,61.8,62,11124
2011,Borough,5,1,Staten Island,78,77.1,2801
2011,Citywide,1,0,New York City,109.5,109.6,71351
2010,UHF42,101,4,Kingsbridge - Riverdale,74.4,73.6,542
2010,UHF42,102,4,Northeast Bronx,92.9,92.4,1359
2010,UHF42,103,4,Fordham - Bronx Pk,170.2,170,3131
2010,UHF42,104,4,Pelham - Throgs Neck,142,143.4,3244
2010,UHF42,105,4,Crotona - Tremont,308,309.6,4459
2010,UHF42,106,4,High Bridge - Morrisania,271,274.3,4059
2010,UHF42,107,4,Hunts Point - Mott Haven,307.1,311,2973
2010,UHF42,201,4,Greenpoint,68.2,57.9,600
2010,UHF42,202,4,Downtown - Heights - Slope,93.9,87,1593
2010,UHF42,203,4,Bedford Stuyvesant - Crown Heights,221.9,224.3,5426
2010,UHF42,204,4,East New York,202,208.2,2796
2010,UHF42,205,4,Sunset Park,85.4,80.9,799
2010,UHF42,206,4,Borough Park,28.9,28.6,693
2010,UHF42,207,4,East Flatbush - Flatbush,129.8,130,2980
2010,UHF42,208,4,Canarsie - Flatlands,97.1,95.3,1446
2010,UHF42,209,4,Bensonhurst - Bay Ridge,27.5,27.2,470
2010,UHF42,210,4,Coney Island - Sheepshead Bay,51.4,50.2,1201
2010,UHF42,211,4,Williamsburg - Bushwick,245.8,238.3,3703
2010,UHF42,301,4,Washington Heights,94,94.1,1893
2010,UHF42,302,4,Central Harlem - Morningside Heights,284.5,284.3,3698
2010,UHF42,303,4,East Harlem,299,299.5,2579
2010,UHF42,304,4,Upper West Side,59.3,58.9,1104
2010,UHF42,305,4,Upper East Side,21.9,21.1,397
2010,UHF42,306,4,Chelsea - Clinton,53.7,49.9,681
2010,UHF42,307,4,Gramercy Park - Murray Hill,49.4,42.1,520
2010,UHF42,308,4,Greenwich Village - SoHo,16.7,15.8,117
2010,UHF42,309,4,Union Square - Lower East Side,80,76.8,1332
2010,UHF42,310,4,Lower Manhattan,67.6,57.9,269
2010,UHF42,401,4,Long Island City - Astoria,60.1,56.3,1018
2010,UHF42,402,4,West Queens,36.4,35.8,1387
2010,UHF42,403,4,Flushing - Clearview,23.9,24.5,529
2010,UHF42,404,4,Bayside - Little Neck,18.3,18,129
2010,UHF42,405,4,Ridgewood - Forest Hills,39.9,39.6,789
2010,UHF42,406,4,Fresh Meadows,43.7,42.9,327
2010,UHF42,407,4,Southwest Queens,69.6,71,1453
2010,UHF42,408,4,Jamaica,106.5,107.3,2373
2010,UHF42,409,4,Southeast Queens,73.5,71.6,1093
2010,UHF42,410,4,Rockaways,117.1,115,967
2010,UHF42,501,4,Port Richmond,142.7,146.3,738
2010,UHF42,502,4,Stapleton - St. George,113.1,112.2,1069
2010,UHF42,503,4,Willowbrook,49.2,46.9,315
2010,UHF42,504,4,South Beach - Tottenville,38.6,37.7,556
2010,Borough,1,1,Bronx,199,200.7,20451
2010,Borough,2,1,Brooklyn,115.7,115.7,22587
2010,Borough,3,1,Manhattan,100,97,13121
2010,Borough,4,1,Queens,59.2,59.4,10622
2010,Borough,5,1,Staten Island,78.1,76.5,2755
2010,Citywide,1,0,New York City,107.2,107.4,69536
2009,UHF42,101,4,Kingsbridge - Riverdale,79.4,78.4,573
2009,UHF42,102,4,Northeast Bronx,121.5,120.4,1759
2009,UHF42,103,4,Fordham - Bronx Pk,191.8,191.5,3498
2009,UHF42,104,4,Pelham - Throgs Neck,154.2,155.8,3494
2009,UHF42,105,4,Crotona - Tremont,297.2,300.9,4285
2009,UHF42,106,4,High Bridge - Morrisania,267.4,271.9,3919
2009,UHF42,107,4,Hunts Point - Mott Haven,340.8,343.6,3220
2009,UHF42,201,4,Greenpoint,62.2,55.4,545
2009,UHF42,202,4,Downtown - Heights - Slope,87.5,81.4,1476
2009,UHF42,203,4,Bedford Stuyvesant - Crown Heights,202.2,204.2,4877
2009,UHF42,204,4,East New York,190.3,195.9,2581
2009,UHF42,205,4,Sunset Park,81.2,76.3,743
2009,UHF42,206,4,Borough Park,28.6,28.3,684
2009,UHF42,207,4,East Flatbush - Flatbush,117.8,118.9,2715
2009,UHF42,208,4,Canarsie - Flatlands,86.4,85.8,1290
2009,UHF42,209,4,Bensonhurst - Bay Ridge,26.9,26.4,451
2009,UHF42,210,4,Coney Island - Sheepshead Bay,48.3,47.2,1121
2009,UHF42,211,4,Williamsburg - Bushwick,220.1,216.1,3290
2009,UHF42,301,4,Washington Heights,100,100,2006
2009,UHF42,302,4,Central Harlem - Morningside Heights,310.4,311.2,3981
2009,UHF42,303,4,East Harlem,376.3,375.4,3188
2009,UHF42,304,4,Upper West Side,61.2,59.8,1126
2009,UHF42,305,4,Upper East Side,22.4,20.7,393
2009,UHF42,306,4,Chelsea - Clinton,59.8,56.2,741
2009,UHF42,307,4,Gramercy Park - Murray Hill,45.5,40.6,502
2009,UHF42,308,4,Greenwich Village - SoHo,21.1,19.6,147
2009,UHF42,309,4,Union Square - Lower East Side,91.7,87.6,1524
2009,UHF42,310,4,Lower Manhattan,54.5,48.3,216
2009,UHF42,401,4,Long Island City - Astoria,58.7,55.2,992
2009,UHF42,402,4,West Queens,40.5,39.8,1521
2009,UHF42,403,4,Flushing - Clearview,23.4,24.2,516
2009,UHF42,404,4,Bayside - Little Neck,23.2,23.3,166
2009,UHF42,405,4,Ridgewood - Forest Hills,38.3,37.9,751
2009,UHF42,406,4,Fresh Meadows,49.2,48.1,363
2009,UHF42,407,4,Southwest Queens,70.1,71.7,1454
2009,UHF42,408,4,Jamaica,102,102.9,2247
2009,UHF42,409,4,Southeast Queens,70.5,68.8,1042
2009,UHF42,410,4,Rockaways,110.4,108,893
2009,UHF42,501,4,Port Richmond,160.9,165.2,824
2009,UHF42,502,4,Stapleton - St. George,116.1,115.3,1090
2009,UHF42,503,4,Willowbrook,47.9,46.7,313
2009,UHF42,504,4,South Beach - Tottenville,36.3,36.6,536
2009,Borough,1,1,Bronx,211.8,214.2,21556
2009,Borough,2,1,Brooklyn,105.8,106.1,20450
2009,Borough,3,1,Manhattan,111,107.6,14493
2009,Borough,4,1,Queens,59.6,59.9,10602
2009,Borough,5,1,Staten Island,80.4,79.5,2843
2009,Citywide,1,0,New York City,108.7,109.1,69944
2008,UHF42,101,4,Kingsbridge - Riverdale,80.3,79.3,576
2008,UHF42,102,4,Northeast Bronx,140.7,137.5,1989
2008,UHF42,103,4,Fordham - Bronx Pk,189.3,190.4,3439
2008,UHF42,104,4,Pelham - Throgs Neck,155.1,156.8,3481
2008,UHF42,105,4,Crotona - Tremont,313.7,315.6,4430
2008,UHF42,106,4,High Bridge - Morrisania,287.5,291.4,4119
2008,UHF42,107,4,Hunts Point - Mott Haven,349.1,353.1,3238
2008,UHF42,201,4,Greenpoint,64.9,56.4,543
2008,UHF42,202,4,Downtown - Heights - Slope,100.1,94.6,1689
2008,UHF42,203,4,Bedford Stuyvesant - Crown Heights,199.8,202.8,4775
2008,UHF42,204,4,East New York,191.2,197.9,2556
2008,UHF42,205,4,Sunset Park,78.9,75.7,721
2008,UHF42,206,4,Borough Park,25.5,25.2,598
2008,UHF42,207,4,East Flatbush - Flatbush,114.8,115.7,2626
2008,UHF42,208,4,Canarsie - Flatlands,79.9,79.5,1182
2008,UHF42,209,4,Bensonhurst - Bay Ridge,22.2,21.9,367
2008,UHF42,210,4,Coney Island - Sheepshead Bay,46.2,45,1051
2008,UHF42,211,4,Williamsburg - Bushwick,225.5,220.8,3282
2008,UHF42,301,4,Washington Heights,104.9,104.9,2117
2008,UHF42,302,4,Central Harlem - Morningside Heights,322.6,321.8,4079
2008,UHF42,303,4,East Harlem,370.4,371.6,3145
2008,UHF42,304,4,Upper West Side,66.6,64.9,1230
2008,UHF42,305,4,Upper East Side,25.5,23.6,451
2008,UHF42,306,4,Chelsea - Clinton,57.6,53.3,698
2008,UHF42,307,4,Gramercy Park - Murray Hill,45.4,40,494
2008,UHF42,308,4,Greenwich Village - SoHo,23.5,21.6,163
2008,UHF42,309,4,Union Square - Lower East Side,82.9,79.9,1389
2008,UHF42,310,4,Lower Manhattan,49.9,45.8,197
2008,UHF42,401,4,Long Island City - Astoria,59.4,56.3,998
2008,UHF42,402,4,West Queens,39.6,39.3,1479
2008,UHF42,403,4,Flushing - Clearview,26,26.3,554
2008,UHF42,404,4,Bayside - Little Neck,17.1,17.3,122
2008,UHF42,405,4,Ridgewood - Forest Hills,39.5,38.7,761
2008,UHF42,406,4,Fresh Meadows,47.7,46.7,348
2008,UHF42,407,4,Southwest Queens,61.9,62.5,1252
2008,UHF42,408,4,Jamaica,82.7,82.9,1783
2008,UHF42,409,4,Southeast Queens,63.7,62.4,936
2008,UHF42,410,4,Rockaways,117.3,115,932
2008,UHF42,501,4,Port Richmond,149.5,154.8,760
2008,UHF42,502,4,Stapleton - St. George,104.7,104.9,982
2008,UHF42,503,4,Willowbrook,38.9,38.5,257
2008,UHF42,504,4,South Beach - Tottenville,35.2,35,507
2008,Borough,1,1,Bronx,220.3,222.9,22140
2008,Borough,2,1,Brooklyn,105.4,105.7,20064
2008,Borough,3,1,Manhattan,111.3,108.5,14596
2008,Borough,4,1,Queens,55.3,55.5,9701
2008,Borough,5,1,Staten Island,72.8,72.8,2580
2008,Citywide,1,0,New York City,108.5,109,69081
2007,UHF42,101,4,Kingsbridge - Riverdale,69.7,67.1,485
2007,UHF42,102,4,Northeast Bronx,121.4,119.5,1717
2007,UHF42,103,4,Fordham - Bronx Pk,183.6,185.3,3318
2007,UHF42,104,4,Pelham - Throgs Neck,143.4,144.8,3188
2007,UHF42,105,4,Crotona - Tremont,323.2,329.5,4576
2007,UHF42,106,4,High Bridge - Morrisania,278.5,286.9,3990
2007,UHF42,107,4,Hunts Point - Mott Haven,341.1,346.4,3119
2007,UHF42,201,4,Greenpoint,77.2,69.2,653
2007,UHF42,202,4,Downtown - Heights - Slope,96.5,92.7,1633
2007,UHF42,203,4,Bedford Stuyvesant - Crown Heights,184.5,186.8,4347
2007,UHF42,204,4,East New York,169.8,174.8,2222
2007,UHF42,205,4,Sunset Park,79.3,76.8,719
2007,UHF42,206,4,Borough Park,25.2,24.8,583
2007,UHF42,207,4,East Flatbush - Flatbush,101,102.2,2316
2007,UHF42,208,4,Canarsie - Flatlands,71.1,70,1033
2007,UHF42,209,4,Bensonhurst - Bay Ridge,27.5,27,444
2007,UHF42,210,4,Coney Island - Sheepshead Bay,46.9,45,1037
2007,UHF42,211,4,Williamsburg - Bushwick,204.8,205.9,2998
2007,UHF42,301,4,Washington Heights,102.6,103.2,2076
2007,UHF42,302,4,Central Harlem - Morningside Heights,305.6,306.7,3836
2007,UHF42,303,4,East Harlem,335.6,338,2831
2007,UHF42,304,4,Upper West Side,54.6,52.5,996
2007,UHF42,305,4,Upper East Side,22,20.2,386
2007,UHF42,306,4,Chelsea - Clinton,49.4,46.2,596
2007,UHF42,307,4,Gramercy Park - Murray Hill,44.4,40.3,494
2007,UHF42,308,4,Greenwich Village - SoHo,20.1,19,143
2007,UHF42,309,4,Union Square - Lower East Side,79.9,78,1348
2007,UHF42,310,4,Lower Manhattan,46.8,48.1,197
2007,UHF42,401,4,Long Island City - Astoria,56.3,53.9,946
2007,UHF42,402,4,West Queens,36.4,36.2,1348
2007,UHF42,403,4,Flushing - Clearview,26.5,26.6,555
2007,UHF42,404,4,Bayside - Little Neck,18.7,18.1,127
2007,UHF42,405,4,Ridgewood - Forest Hills,29.8,29.3,571
2007,UHF42,406,4,Fresh Meadows,43.4,43.3,319
2007,UHF42,407,4,Southwest Queens,55.5,55.7,1108
2007,UHF42,408,4,Jamaica,74.6,74.9,1597
2007,UHF42,409,4,Southeast Queens,55.8,54.5,814
2007,UHF42,410,4,Rockaways,91.6,89.5,715
2007,UHF42,501,4,Port Richmond,122.5,126.6,610
2007,UHF42,502,4,Stapleton - St. George,83.2,82.6,764
2007,UHF42,503,4,Willowbrook,36.5,34.8,231
2007,UHF42,504,4,South Beach - Tottenville,35.2,34.9,500
2007,Borough,1,1,Bronx,206.3,208.7,20513
2007,Borough,2,1,Brooklyn,76.4,76.8,14398
2007,Borough,3,1,Manhattan,150.8,148.5,19862
2007,Borough,4,1,Queens,51.3,51.5,8920
2007,Borough,5,1,Staten Island,63.8,63.1,2212
2007,Citywide,1,0,New York City,104.4,105,65905
2006,UHF42,101,4,Kingsbridge - Riverdale,57.5,55,395
2006,UHF42,102,4,Northeast Bronx,122.2,120.4,1722
2006,UHF42,103,4,Fordham - Bronx Pk,174.5,176.7,3142
2006,UHF42,104,4,Pelham - Throgs Neck,129.3,131,2863
2006,UHF42,105,4,Crotona - Tremont,304.2,312,4294
2006,UHF42,106,4,High Bridge - Morrisania,280.8,288.3,3950
2006,UHF42,107,4,Hunts Point - Mott Haven,319.1,326.5,2890
2006,UHF42,201,4,Greenpoint,63,57.4,533
2006,UHF42,202,4,Downtown - Heights - Slope,100.3,97.1,1696
2006,UHF42,203,4,Bedford Stuyvesant - Crown Heights,171,173.7,4020
2006,UHF42,204,4,East New York,166.9,173.2,2180
2006,UHF42,205,4,Sunset Park,81,78,722
2006,UHF42,206,4,Borough Park,25.5,24.9,579
2006,UHF42,207,4,East Flatbush - Flatbush,102.5,103.5,2353
2006,UHF42,208,4,Canarsie - Flatlands,78.1,75.7,1113
2006,UHF42,209,4,Bensonhurst - Bay Ridge,24.7,24.3,394
2006,UHF42,210,4,Coney Island - Sheepshead Bay,47.2,45.5,1037
2006,UHF42,211,4,Williamsburg - Bushwick,187.5,188,2699
2006,UHF42,301,4,Washington Heights,84.5,85.4,1724
2006,UHF42,302,4,Central Harlem - Morningside Heights,274.4,277.5,3439
2006,UHF42,303,4,East Harlem,342.7,342.7,2857
2006,UHF42,304,4,Upper West Side,53.4,51.7,982
2006,UHF42,305,4,Upper East Side,24.5,22.3,426
2006,UHF42,306,4,Chelsea - Clinton,63.8,59.7,760
2006,UHF42,307,4,Gramercy Park - Murray Hill,46,41.9,509
2006,UHF42,308,4,Greenwich Village - SoHo,19.4,18.7,141
2006,UHF42,309,4,Union Square - Lower East Side,78.7,76.7,1319
2006,UHF42,310,4,Lower Manhattan,49.7,49,191
2006,UHF42,401,4,Long Island City - Astoria,61.1,59.1,1032
2006,UHF42,402,4,West Queens,45.2,45.2,1672
2006,UHF42,403,4,Flushing - Clearview,24.6,24.7,512
2006,UHF42,404,4,Bayside - Little Neck,17.4,17.9,125
2006,UHF42,405,4,Ridgewood - Forest Hills,33.7,33,642
2006,UHF42,406,4,Fresh Meadows,42.4,42.2,308
2006,UHF42,407,4,Southwest Queens,59.1,59.1,1172
2006,UHF42,408,4,Jamaica,101.5,102.2,2171
2006,UHF42,409,4,Southeast Queens,60.3,59.3,885
2006,UHF42,410,4,Rockaways,92.8,90.8,718
2006,UHF42,501,4,Port Richmond,134.2,138.9,661
2006,UHF42,502,4,Stapleton - St. George,86.8,86.9,798
2006,UHF42,503,4,Willowbrook,33.9,33.1,219
2006,UHF42,504,4,South Beach - Tottenville,34.6,33.8,481
2006,Borough,1,1,Bronx,189.4,191.9,18701
2006,Borough,2,1,Brooklyn,75.9,76.3,14186
2006,Borough,3,1,Manhattan,146.3,144.6,19238
2006,Borough,4,1,Queens,58.8,59,10173
2006,Borough,5,1,Staten Island,64.7,64.3,2236
2006,Citywide,1,0,New York City,102.7,103.5,64534
2005,UHF42,101,4,Kingsbridge - Riverdale,54.1,52.2,376
2005,UHF42,102,4,Northeast Bronx,115.7,112,1604
2005,UHF42,103,4,Fordham - Bronx Pk,151.4,155.4,2762
2005,UHF42,104,4,Pelham - Throgs Neck,116.2,117.3,2562
2005,UHF42,105,4,Crotona - Tremont,300.1,306.9,4213
2005,UHF42,106,4,High Bridge - Morrisania,250.7,257.9,3504
2005,UHF42,107,4,Hunts Point - Mott Haven,280,287.4,2518
2005,UHF42,201,4,Greenpoint,63.8,59.8,552
2005,UHF42,202,4,Downtown - Heights - Slope,97.4,94.6,1650
2005,UHF42,203,4,Bedford Stuyvesant - Crown Heights,195.1,197.6,4561
2005,UHF42,204,4,East New York,166.3,171.4,2143
2005,UHF42,205,4,Sunset Park,95.6,89.7,826
2005,UHF42,206,4,Borough Park,24.9,24.4,567
2005,UHF42,207,4,East Flatbush - Flatbush,97.5,99.3,2272
2005,UHF42,208,4,Canarsie - Flatlands,65.2,64.2,945
2005,UHF42,209,4,Bensonhurst - Bay Ridge,25.1,24.8,401
2005,UHF42,210,4,Coney Island - Sheepshead Bay,37.8,35.4,806
2005,UHF42,211,4,Williamsburg - Bushwick,225.3,224.6,3193
2005,UHF42,301,4,Washington Heights,97.7,98.9,2001
2005,UHF42,302,4,Central Harlem - Morningside Heights,286.4,290.6,3556
2005,UHF42,303,4,East Harlem,276.5,278.2,2304
2005,UHF42,304,4,Upper West Side,70.3,67.9,1291
2005,UHF42,305,4,Upper East Side,22.1,20.7,397
2005,UHF42,306,4,Chelsea - Clinton,60.6,57.8,725
2005,UHF42,307,4,Gramercy Park - Murray Hill,37.7,34,410
2005,UHF42,308,4,Greenwich Village - SoHo,17.6,17.1,129
2005,UHF42,309,4,Union Square - Lower East Side,70.2,68.5,1172
2005,UHF42,310,4,Lower Manhattan,47.3,45,166
2005,UHF42,401,4,Long Island City - Astoria,54.5,53.1,928
2005,UHF42,402,4,West Queens,41.6,41.3,1530
2005,UHF42,403,4,Flushing - Clearview,21.6,21.1,438
2005,UHF42,404,4,Bayside - Little Neck,16.3,15.2,106
2005,UHF42,405,4,Ridgewood - Forest Hills,43.3,42.9,837
2005,UHF42,406,4,Fresh Meadows,38.3,37.7,275
2005,UHF42,407,4,Southwest Queens,56.5,56.6,1126
2005,UHF42,408,4,Jamaica,90.8,90.9,1931
2005,UHF42,409,4,Southeast Queens,52.6,51.4,771
2005,UHF42,410,4,Rockaways,96.9,94.8,746
2005,UHF42,501,4,Port Richmond,117,123.3,580
2005,UHF42,502,4,Stapleton - St. George,81.3,81.1,740
2005,UHF42,503,4,Willowbrook,36.4,36,238
2005,UHF42,504,4,South Beach - Tottenville,31.9,31.6,448
2005,Borough,1,1,Bronx,184.5,187.1,18188
2005,Borough,2,1,Brooklyn,77.4,77.9,14447
2005,Borough,3,1,Manhattan,138.3,137.1,18146
2005,Borough,4,1,Queens,55.3,55.4,9559
2005,Borough,5,1,Staten Island,60.3,60.2,2085
2005,Citywide,1,0,New York City,99.5,100.3,62425
